View name,View index,Feature name,Area,X,Y,Overlapping pixels (cyan),ViDi markings only pixels (pink),Region only pixels (mustard)
100109202001_Blue_Lane [1]_RackIndex[1]_Date_01_09_2020_ 0530,0,defect,804,471.7786,117.4627,661,107,36
100109202001_Blue_Lane [5]_RackIndex[15]_Date_01_23_2020_ 1614,0,defect,935,477.585,115.216,801,113,21
100109202002_Blue_Lane [1]_RackIndex[2]_Date_01_09_2020_ 0532,0,defect,1328,530.9382,116.0188,1187,92,49
100109202002_Blue_Lane [5]_RackIndex[14]_Date_01_23_2020_ 1612,0,defect,1222,535.9558,114.8265,1101,100,21
100109202003_Blue_Lane [1]_RackIndex[3]_Date_01_09_2020_ 0534,0,defect,1258,474.4626,116.5072,1131,104,23
100109202003_Blue_Lane [5]_RackIndex[11]_Date_01_23_2020_ 1606,0,defect,1330,480.1007,112.6023,1187,124,19
100109202004_Blue_Lane [5]_RackIndex[10]_Date_01_23_2020_ 1604,0,defect,1105,530.0118,113.9647,969,104,32
100109202005_Blue_Lane [1]_RackIndex[5]_Date_01_09_2020_ 0538,0,defect,1346,486.8306,115.8559,1233,107,6
100109202005_Blue_Lane [4]_RackIndex[15]_Date_01_23_2020_ 1582,0,defect,1342,476.2265,114.8361,1147,136,59
100109202006_Blue_Lane [1]_RackIndex[6]_Date_01_09_2020_ 0540,0,defect,952,567.2048,115.5473,831,103,18
100109202006_Blue_Lane [4]_RackIndex[14]_Date_01_23_2020_ 1580,0,defect,1038,562.789,119.2399,868,139,31
100109202007_Blue_Lane [1]_RackIndex[7]_Date_01_09_2020_ 0542,0,defect,1458,503.2901,116.323,1325,86,47
100109202008_Blue_Lane [1]_RackIndex[8]_Date_01_09_2020_ 0544,0,defect,613,557.3703,116.7031,451,84,78
100109202009_Blue_Lane [1]_RackIndex[9]_Date_01_09_2020_ 0546,0,defect,1526,577.9928,116.6127,1430,93,3
100109202009_Blue_Lane [5]_RackIndex[12]_Date_01_23_2020_ 1608,0,defect,1117,578.692,116.547,949,113,55
100109202010_Blue_Lane [1]_RackIndex[10]_Date_01_09_2020_ 0548,0,defect,1202,432.8677,113.8003,1040,126,36
100109202010_Blue_Lane [5]_RackIndex[9]_Date_01_23_2020_ 1602,0,defect,1059,441.2087,112.2361,928,109,22
100109202011_Blue_Lane [1]_RackIndex[11]_Date_01_09_2020_ 0550,0,defect,1416,578.9668,115.9936,1313,97,6
100109202011_Blue_Lane [5]_RackIndex[5]_Date_01_23_2020_ 1594,0,defect,1566,587.1852,118.1603,1448,85,33
100109202012_Blue_Lane [1]_RackIndex[12]_Date_01_09_2020_ 0552,0,defect,1242,538.2923,114.8253,1132,75,35
100109202012_Blue_Lane [5]_RackIndex[1]_Date_01_23_2020_ 1586,0,defect,1384,547.4877,113.7616,1245,93,46
100109202013_Blue_Lane [1]_RackIndex[13]_Date_01_09_2020_ 0554,0,defect,1488,460.7097,114.8058,1381,66,41
100109202014_Blue_Lane [1]_RackIndex[14]_Date_01_09_2020_ 0556,0,defect,1244,436.0281,115.5884,1116,112,16
100109202015_Blue_Lane [1]_RackIndex[15]_Date_01_09_2020_ 0558,0,defect,720,533.8569,116.6375,630,74,16
100109202015_Blue_Lane [5]_RackIndex[13]_Date_01_23_2020_ 1610,0,defect,952,544.3172,116.6313,855,94,3
100109202016_Blue_Lane [1]_RackIndex[16]_Date_01_09_2020_ 0560,0,defect,1213,489.4749,114.5087,1073,89,51
100109202016_Blue_Lane [5]_RackIndex[8]_Date_01_23_2020_ 1600,0,defect,1368,502.106,115.383,1283,69,16
100109202017_Blue_Lane [2]_RackIndex[1]_Date_01_09_2020_ 0562,0,defect,1106,530.3978,119.4087,953,127,26
100109202017_Blue_Lane [5]_RackIndex[4]_Date_01_23_2020_ 1592,0,defect,1108,535.4557,117.5668,956,145,7
100109202018_Blue_Lane [2]_RackIndex[2]_Date_01_09_2020_ 0564,0,defect,748,486.9639,125.9452,611,66,71
100109202018_Blue_Lane [4]_RackIndex[16]_Date_01_23_2020_ 1584,0,defect,855,477.8877,119.352,738,94,23
100109202019_Blue_Lane [2]_RackIndex[3]_Date_01_09_2020_ 0566,0,defect,880,606.0364,116.608,680,61,139
100109202020_Blue_Lane [2]_RackIndex[4]_Date_01_09_2020_ 0568,0,defect,1421,499.4856,113.9958,1313,86,22
100109202020_Blue_Lane [5]_RackIndex[16]_Date_01_23_2020_ 1616,0,defect,1807,500.0686,112.9596,1632,25,150
100109202021_Blue_Lane [5]_RackIndex[7]_Date_01_23_2020_ 1598,0,defect,1545,490.5625,115.8867,1422,121,2
100109202022_Blue_Lane [2]_RackIndex[6]_Date_01_09_2020_ 0572,0,defect,809,628.6947,116.131,699,32,78
100109202022_Blue_Lane [5]_RackIndex[6]_Date_01_23_2020_ 1596,0,defect,745,625.1356,114.9195,589,88,68
100109202023_Blue_Lane [2]_RackIndex[7]_Date_01_09_2020_ 0574,0,defect,894,442.5168,108.7919,754,84,56
100109202023_Blue_Lane [5]_RackIndex[3]_Date_01_23_2020_ 1590,0,defect,863,441.9467,112.2144,698,95,70
100109202024_Blue_Lane [2]_RackIndex[8]_Date_01_09_2020_ 0576,0,defect,918,546.7418,115.9902,683,77,158
100109202024_Blue_Lane [5]_RackIndex[2]_Date_01_23_2020_ 1588,0,defect,711,542.8931,120.9198,413,72,226
100109202025_Blue_Lane [1]_RackIndex[1]_Date_01_10_2020_ 0626,0,defect,966,529.2339,115.2029,813,131,22
100109202025_Blue_Lane [1]_RackIndex[1]_Date_01_10_2020_ 0722,0,defect,969,529.3282,114.2178,855,73,41
100109202025_Blue_Lane [1]_RackIndex[1]_Date_01_10_2020_ 0818,0,defect,954,529.3931,115.9727,783,93,78
100109202025_Blue_Lane [1]_RackIndex[1]_Date_01_10_2020_ 0914,0,defect,905,530.7911,115.0663,789,95,21
100109202025_Blue_Lane [2]_RackIndex[9]_Date_01_09_2020_ 0578,0,defect,1035,538.1952,113.8473,899,87,49
100109202025_Blue_Lane [4]_RackIndex[1]_Date_01_10_2020_ 0978,0,defect,948,534.7521,116.7489,814,113,21
100109202025_Blue_Lane [4]_RackIndex[1]_Date_01_10_2020_ 1074,0,defect,939,534.6933,116.606,811,110,18
100109202025_Blue_Lane [4]_RackIndex[1]_Date_01_10_2020_ 1170,0,defect,932,534.6727,116.4624,821,97,14
100109202026_Blue_Lane [1]_RackIndex[2]_Date_01_10_2020_ 0628,0,defect,872,503.5986,118.5436,742,92,38
100109202026_Blue_Lane [1]_RackIndex[2]_Date_01_10_2020_ 0724,0,defect,886,503.8849,118.4255,758,91,37
100109202026_Blue_Lane [1]_RackIndex[2]_Date_01_10_2020_ 0820,0,defect,880,504.0693,118.7,780,76,24
100109202026_Blue_Lane [1]_RackIndex[2]_Date_01_10_2020_ 0916,0,defect,917,503.4515,118.9956,784,99,34
100109202026_Blue_Lane [1]_RackIndex[5]_Date_01_10_2020_ 1242,0,defect,794,508.6549,115.1423,638,104,52
100109202026_Blue_Lane [2]_RackIndex[10]_Date_01_09_2020_ 0580,0,defect,831,510.787,114.1697,707,103,21
100109202026_Blue_Lane [4]_RackIndex[2]_Date_01_10_2020_ 0980,0,defect,880,507.2739,119.6523,765,87,28
100109202026_Blue_Lane [4]_RackIndex[2]_Date_01_10_2020_ 1076,0,defect,880,507.2011,117.8864,736,90,54
100109202026_Blue_Lane [4]_RackIndex[2]_Date_01_10_2020_ 1172,0,defect,867,507.1061,117.6632,753,81,33
100109202027_Blue_Lane [1]_RackIndex[3]_Date_01_10_2020_ 0630,0,defect,1202,470.9842,119.8095,1071,116,15
100109202027_Blue_Lane [1]_RackIndex[3]_Date_01_10_2020_ 0726,0,defect,1189,471.5568,118.3448,1055,116,18
100109202027_Blue_Lane [1]_RackIndex[3]_Date_01_10_2020_ 0822,0,defect,1177,471.6296,117.6151,1058,104,15
100109202027_Blue_Lane [1]_RackIndex[3]_Date_01_10_2020_ 0918,0,defect,1187,471.7422,116.7641,1090,88,9
100109202027_Blue_Lane [2]_RackIndex[11]_Date_01_09_2020_ 0582,0,defect,1150,475.9826,114.9983,1002,125,23
100109202027_Blue_Lane [2]_RackIndex[14]_Date_01_10_2020_ 1292,0,defect,1251,469.9648,116.709,1125,114,12
100109202027_Blue_Lane [4]_RackIndex[3]_Date_01_10_2020_ 0982,0,defect,1285,475.3728,117.9276,1079,132,74
100109202027_Blue_Lane [4]_RackIndex[3]_Date_01_10_2020_ 1078,0,defect,1262,475.565,117.9287,1094,119,49
100109202027_Blue_Lane [4]_RackIndex[3]_Date_01_10_2020_ 1174,0,defect,1283,475.7404,118.3172,1121,124,38
100109202027_Blue_Lane [6]_RackIndex[3]_Date_01_23_2020_ 1622,0,defect,763,468.481,118.8571,641,99,23
100109202028_Blue_Lane [1]_RackIndex[4]_Date_01_10_2020_ 0632,0,defect,1096,527.2773,117.5903,984,98,14
100109202028_Blue_Lane [1]_RackIndex[4]_Date_01_10_2020_ 0728,0,defect,1118,527.5903,117.1297,994,115,9
100109202028_Blue_Lane [1]_RackIndex[4]_Date_01_10_2020_ 0824,0,defect,1124,527.6512,117.1566,979,129,16
100109202028_Blue_Lane [1]_RackIndex[4]_Date_01_10_2020_ 0920,0,defect,1099,527.4258,116.9081,981,106,12
100109202028_Blue_Lane [2]_RackIndex[12]_Date_01_09_2020_ 0584,0,defect,1030,528.8796,115.2709,927,100,3
100109202028_Blue_Lane [2]_RackIndex[13]_Date_01_10_2020_ 1290,0,defect,1010,526.7664,114.4089,939,67,4
100109202028_Blue_Lane [4]_RackIndex[4]_Date_01_10_2020_ 0984,0,defect,1124,531.5908,117.5098,972,108,44
100109202028_Blue_Lane [4]_RackIndex[4]_Date_01_10_2020_ 1080,0,defect,1125,531.5982,117.5636,965,99,61
100109202028_Blue_Lane [4]_RackIndex[4]_Date_01_10_2020_ 1176,0,defect,1110,531.4756,117.4252,977,92,41
100109202028_Blue_Lane [6]_RackIndex[8]_Date_01_23_2020_ 1632,0,defect,865,527.3018,117.4451,718,114,33
100109202029_Blue_Lane [1]_RackIndex[5]_Date_01_10_2020_ 0634,0,defect,1443,462.3416,115.5135,1312,111,20
100109202029_Blue_Lane [1]_RackIndex[5]_Date_01_10_2020_ 0730,0,defect,1420,462.9887,115.7577,1294,111,15
100109202029_Blue_Lane [1]_RackIndex[5]_Date_01_10_2020_ 0826,0,defect,1397,463.3364,115.5047,1288,104,5
100109202029_Blue_Lane [1]_RackIndex[5]_Date_01_10_2020_ 0922,0,defect,1335,463.5198,115.3296,1204,102,29
100109202029_Blue_Lane [1]_RackIndex[14]_Date_01_10_2020_ 1260,0,defect,1223,464.3712,112.9779,1153,54,16
100109202029_Blue_Lane [2]_RackIndex[13]_Date_01_09_2020_ 0586,0,defect,1455,463.488,115.8323,1333,113,9
100109202029_Blue_Lane [4]_RackIndex[5]_Date_01_10_2020_ 0986,0,defect,1346,467.5282,116.6976,1190,115,41
100109202029_Blue_Lane [4]_RackIndex[5]_Date_01_10_2020_ 1082,0,defect,1360,467.6118,116.5978,1210,108,42
100109202029_Blue_Lane [4]_RackIndex[5]_Date_01_10_2020_ 1178,0,defect,1311,467.7552,115.9641,1166,138,7
100109202030_Blue_Lane [1]_RackIndex[6]_Date_01_10_2020_ 0636,0,defect,690,459.6319,119.8986,580,107,3
100109202030_Blue_Lane [1]_RackIndex[6]_Date_01_10_2020_ 0732,0,defect,723,459.8658,119.1521,574,148,1
100109202030_Blue_Lane [1]_RackIndex[6]_Date_01_10_2020_ 0828,0,defect,722,459.8573,119.4501,614,95,13
100109202030_Blue_Lane [1]_RackIndex[6]_Date_01_10_2020_ 0924,0,defect,755,460.3576,120.1232,669,63,23
100109202030_Blue_Lane [1]_RackIndex[11]_Date_01_10_2020_ 1254,0,defect,746,463.5898,117.7145,631,102,13
100109202030_Blue_Lane [2]_RackIndex[14]_Date_01_09_2020_ 0588,0,defect,558,467.31,113.8405,297,22,239
100109202030_Blue_Lane [4]_RackIndex[6]_Date_01_10_2020_ 0988,0,defect,825,465.1248,120.1842,677,88,60
100109202030_Blue_Lane [4]_RackIndex[6]_Date_01_10_2020_ 1084,0,defect,820,465.0744,119.7378,672,82,66
100109202030_Blue_Lane [4]_RackIndex[6]_Date_01_10_2020_ 1180,0,defect,831,465.0457,120.3959,690,89,52
100109202031_Blue_Lane [1]_RackIndex[1]_Date_01_10_2020_ 1234,0,defect,787,464.6404,117.798,691,81,15
100109202031_Blue_Lane [1]_RackIndex[7]_Date_01_10_2020_ 0638,0,defect,780,463.3269,118.1064,683,90,7
100109202031_Blue_Lane [1]_RackIndex[7]_Date_01_10_2020_ 0734,0,defect,761,463.5742,117.3022,658,92,11
100109202031_Blue_Lane [1]_RackIndex[7]_Date_01_10_2020_ 0830,0,defect,762,463.7677,118.0026,661,83,18
100109202031_Blue_Lane [1]_RackIndex[7]_Date_01_10_2020_ 0926,0,defect,792,464.2172,117.9886,650,114,28
100109202031_Blue_Lane [2]_RackIndex[15]_Date_01_09_2020_ 0590,0,defect,633,461.5324,116.4344,548,50,35
100109202031_Blue_Lane [4]_RackIndex[7]_Date_01_10_2020_ 0990,0,defect,776,467.0322,118.9124,644,107,25
100109202031_Blue_Lane [4]_RackIndex[7]_Date_01_10_2020_ 1086,0,defect,821,466.7881,117.2838,697,56,68
100109202031_Blue_Lane [4]_RackIndex[7]_Date_01_10_2020_ 1182,0,defect,791,467.019,118.263,706,66,19
100109202032_Blue_Lane [1]_RackIndex[8]_Date_01_10_2020_ 0640,0,defect,1189,555.4802,116.3103,1060,103,26
100109202032_Blue_Lane [1]_RackIndex[8]_Date_01_10_2020_ 0736,0,defect,1179,555.5895,115.2807,1052,107,20
100109202032_Blue_Lane [1]_RackIndex[8]_Date_01_10_2020_ 0832,0,defect,1172,555.8029,115.6297,1054,108,10
100109202032_Blue_Lane [1]_RackIndex[8]_Date_01_10_2020_ 0928,0,defect,1161,555.59,115.8829,1042,109,10
100109202032_Blue_Lane [3]_RackIndex[2]_Date_01_10_2020_ 1300,0,defect,1276,558.6575,116.6293,1125,83,68
100109202032_Blue_Lane [4]_RackIndex[8]_Date_01_10_2020_ 0992,0,defect,1180,559.4958,116.4492,1066,107,7
100109202032_Blue_Lane [4]_RackIndex[8]_Date_01_10_2020_ 1088,0,defect,1241,559.1177,116.4641,1052,106,83
100109202032_Blue_Lane [4]_RackIndex[8]_Date_01_10_2020_ 1184,0,defect,1228,559.2125,116.2256,1068,102,58
100109202033_Blue_Lane [1]_RackIndex[9]_Date_01_10_2020_ 0642,0,defect,830,528.4843,118.6819,663,118,49
100109202033_Blue_Lane [1]_RackIndex[9]_Date_01_10_2020_ 0738,0,defect,765,529.102,119.8627,626,104,35
100109202033_Blue_Lane [1]_RackIndex[9]_Date_01_10_2020_ 0834,0,defect,805,529.3416,119.8919,627,121,57
100109202033_Blue_Lane [1]_RackIndex[9]_Date_01_10_2020_ 0930,0,defect,737,529.8589,119.3202,629,89,19
100109202033_Blue_Lane [2]_RackIndex[15]_Date_01_10_2020_ 1294,0,defect,714,527.7899,117.3459,605,94,15
100109202033_Blue_Lane [3]_RackIndex[1]_Date_01_09_2020_ 0594,0,defect,684,533.7851,117.7354,572,50,62
100109202033_Blue_Lane [4]_RackIndex[9]_Date_01_10_2020_ 0994,0,defect,709,533.8942,119.0564,601,94,14
100109202033_Blue_Lane [4]_RackIndex[9]_Date_01_10_2020_ 1090,0,defect,692,533.9855,118.6647,607,76,9
100109202033_Blue_Lane [4]_RackIndex[9]_Date_01_10_2020_ 1186,0,defect,701,533.9615,118.9244,607,89,5
100109202033_Blue_Lane [6]_RackIndex[14]_Date_01_23_2020_ 1644,0,defect,927,528.3474,117.1133,799,114,14
100109202034_Blue_Lane [1]_RackIndex[10]_Date_01_10_2020_ 0644,0,defect,1101,503.8465,117.743,907,115,79
100109202034_Blue_Lane [1]_RackIndex[10]_Date_01_10_2020_ 0740,0,defect,1097,504.3391,118.0793,884,134,79
100109202034_Blue_Lane [1]_RackIndex[10]_Date_01_10_2020_ 0836,0,defect,1054,504.6831,117.3064,712,326,16
100109202034_Blue_Lane [1]_RackIndex[10]_Date_01_10_2020_ 0932,0,defect,1167,503.5827,118.2014,1010,97,60
100109202034_Blue_Lane [3]_RackIndex[2]_Date_01_09_2020_ 0596,0,defect,1025,527.7249,116.7629,897,87,41
100109202034_Blue_Lane [4]_RackIndex[10]_Date_01_10_2020_ 0996,0,defect,1159,507.4668,117.6816,1013,111,35
100109202034_Blue_Lane [4]_RackIndex[10]_Date_01_10_2020_ 1092,0,defect,1146,507.5367,117.534,998,102,46
100109202034_Blue_Lane [4]_RackIndex[10]_Date_01_10_2020_ 1188,0,defect,1116,507.6219,117.8755,1005,99,12
100109202035_Blue_Lane [1]_RackIndex[11]_Date_01_10_2020_ 0646,0,defect,1396,566.6168,115.8352,1252,67,77
100109202035_Blue_Lane [1]_RackIndex[11]_Date_01_10_2020_ 0742,0,defect,1327,566.2916,115.425,1163,89,75
100109202035_Blue_Lane [1]_RackIndex[11]_Date_01_10_2020_ 0838,0,defect,1286,566.7729,115.9215,1173,96,17
100109202035_Blue_Lane [1]_RackIndex[11]_Date_01_10_2020_ 0934,0,defect,1243,566.7256,114.9268,1102,92,49
100109202035_Blue_Lane [2]_RackIndex[9]_Date_01_10_2020_ 1282,0,defect,1240,570.0839,114.5048,1127,103,10
100109202035_Blue_Lane [4]_RackIndex[11]_Date_01_10_2020_ 0998,0,defect,1266,570.5024,114.1232,1170,81,15
100109202035_Blue_Lane [4]_RackIndex[11]_Date_01_10_2020_ 1094,0,defect,1275,570.5365,114.3388,1156,102,17
100109202035_Blue_Lane [4]_RackIndex[11]_Date_01_10_2020_ 1190,0,defect,1273,570.4603,114.5554,1174,79,20
100109202036_Blue_Lane [1]_RackIndex[12]_Date_01_10_2020_ 0648,0,defect,295,497.6441,92.91525,0,0,295
100109202036_Blue_Lane [1]_RackIndex[12]_Date_01_10_2020_ 0648,0,defect,201,498.4826,143.4577,0,0,201
100109202036_Blue_Lane [1]_RackIndex[12]_Date_01_10_2020_ 0744,0,defect,257,498.1479,143.8171,0,0,257
100109202036_Blue_Lane [1]_RackIndex[12]_Date_01_10_2020_ 0744,0,defect,137,497.1533,103.3796,0,0,137
100109202036_Blue_Lane [1]_RackIndex[12]_Date_01_10_2020_ 0744,0,defect,69,498.9855,72.14493,0,0,69
100109202036_Blue_Lane [1]_RackIndex[12]_Date_01_10_2020_ 0840,0,defect,228,498.6009,142.4825,0,0,228
100109202036_Blue_Lane [1]_RackIndex[12]_Date_01_10_2020_ 0840,0,defect,120,497.725,103.4583,0,0,120
100109202036_Blue_Lane [1]_RackIndex[12]_Date_01_10_2020_ 0840,0,defect,84,498.5476,72.84524,0,0,84
100109202036_Blue_Lane [1]_RackIndex[12]_Date_01_10_2020_ 0936,0,defect,294,499.8435,90.22449,0,0,294
100109202036_Blue_Lane [1]_RackIndex[12]_Date_01_10_2020_ 0936,0,defect,285,500.007,145.1123,0,0,285
100109202036_Blue_Lane [2]_RackIndex[2]_Date_01_10_2020_ 1268,0,defect,301,503.0033,95.44186,0,0,301
100109202036_Blue_Lane [2]_RackIndex[2]_Date_01_10_2020_ 1268,0,defect,250,504.096,148.208,0,0,250
100109202036_Blue_Lane [4]_RackIndex[12]_Date_01_10_2020_ 1000,0,defect,284,504.3521,142.3732,0,0,284
100109202036_Blue_Lane [4]_RackIndex[12]_Date_01_10_2020_ 1000,0,defect,89,502.5168,95.55056,0,0,89
100109202036_Blue_Lane [4]_RackIndex[12]_Date_01_10_2020_ 1000,0,defect,86,504.4535,73.83721,0,0,86
100109202036_Blue_Lane [4]_RackIndex[12]_Date_01_10_2020_ 1096,0,defect,260,503.1,91.93462,0,0,260
100109202036_Blue_Lane [4]_RackIndex[12]_Date_01_10_2020_ 1096,0,defect,251,504.494,141.0956,0,0,251
100109202036_Blue_Lane [4]_RackIndex[12]_Date_01_10_2020_ 1192,0,defect,269,504.1487,144.8067,0,0,269
100109202036_Blue_Lane [4]_RackIndex[12]_Date_01_10_2020_ 1192,0,defect,102,504.3235,74.77451,0,0,102
100109202036_Blue_Lane [4]_RackIndex[12]_Date_01_10_2020_ 1192,0,defect,71,502.1972,95.46479,0,0,71
100109202037_Blue_Lane [1]_RackIndex[13]_Date_01_10_2020_ 0650,0,defect,842,519.6366,117.0511,688,126,28
100109202037_Blue_Lane [1]_RackIndex[13]_Date_01_10_2020_ 0746,0,defect,807,519.6555,116.0558,667,122,18
100109202037_Blue_Lane [1]_RackIndex[13]_Date_01_10_2020_ 0842,0,defect,848,519.9552,115.6592,715,125,8
100109202037_Blue_Lane [1]_RackIndex[13]_Date_01_10_2020_ 0938,0,defect,875,518.9852,115.872,747,109,19
100109202037_Blue_Lane [3]_RackIndex[3]_Date_01_10_2020_ 1302,0,defect,846,527.4894,118.7884,723,121,2
100109202037_Blue_Lane [4]_RackIndex[13]_Date_01_10_2020_ 1002,0,defect,937,522.5144,117.6531,798,96,43
100109202037_Blue_Lane [4]_RackIndex[13]_Date_01_10_2020_ 1098,0,defect,924,522.6082,117.0898,777,108,39
100109202037_Blue_Lane [4]_RackIndex[13]_Date_01_10_2020_ 1194,0,defect,931,522.4962,117.8604,762,103,66
100109202037_Blue_Lane [6]_RackIndex[7]_Date_01_23_2020_ 1630,0,defect,926,522.7808,117.4158,773,113,40
100109202038_Blue_Lane [1]_RackIndex[14]_Date_01_10_2020_ 0652,0,defect,761,482.7556,115.59,682,69,10
100109202038_Blue_Lane [1]_RackIndex[14]_Date_01_10_2020_ 0748,0,defect,763,482.7156,114.2936,646,97,20
100109202038_Blue_Lane [1]_RackIndex[14]_Date_01_10_2020_ 0844,0,defect,774,482.916,114.2145,649,99,26
100109202038_Blue_Lane [1]_RackIndex[14]_Date_01_10_2020_ 0940,0,defect,789,482.8758,115.7567,687,87,15
100109202038_Blue_Lane [3]_RackIndex[1]_Date_01_10_2020_ 1298,0,defect,829,490.0145,119.6526,714,97,18
100109202038_Blue_Lane [4]_RackIndex[14]_Date_01_10_2020_ 1004,0,defect,788,486.2716,113.8122,626,107,55
100109202038_Blue_Lane [4]_RackIndex[14]_Date_01_10_2020_ 1100,0,defect,808,486.2785,115.578,655,110,43
100109202038_Blue_Lane [4]_RackIndex[14]_Date_01_10_2020_ 1196,0,defect,794,486.1612,114.2557,646,108,40
100109202039_Blue_Lane [1]_RackIndex[15]_Date_01_10_2020_ 0654,0,defect,1273,424.7667,114.6402,1097,101,75
100109202039_Blue_Lane [1]_RackIndex[15]_Date_01_10_2020_ 0750,0,defect,1248,425.1034,114.351,1071,116,61
100109202039_Blue_Lane [1]_RackIndex[15]_Date_01_10_2020_ 0846,0,defect,1223,425.1897,114.4669,1071,102,50
100109202039_Blue_Lane [1]_RackIndex[15]_Date_01_10_2020_ 0942,0,defect,1238,425.1357,114.9378,1076,108,54
100109202039_Blue_Lane [2]_RackIndex[10]_Date_01_10_2020_ 1284,0,defect,1193,432.4778,115.4837,1049,99,45
100109202039_Blue_Lane [4]_RackIndex[15]_Date_01_10_2020_ 1006,0,defect,1197,428.9114,114.4728,1066,104,27
100109202039_Blue_Lane [4]_RackIndex[15]_Date_01_10_2020_ 1102,0,defect,1199,428.8507,114.6756,1034,129,36
100109202039_Blue_Lane [4]_RackIndex[15]_Date_01_10_2020_ 1198,0,defect,1179,428.8957,115.6327,1054,98,27
100109202040_Blue_Lane [1]_RackIndex[16]_Date_01_10_2020_ 0656,0,defect,1241,543.2305,114.0355,1110,99,32
100109202040_Blue_Lane [1]_RackIndex[16]_Date_01_10_2020_ 0752,0,defect,1276,543.4514,114.6591,1158,97,21
100109202040_Blue_Lane [1]_RackIndex[16]_Date_01_10_2020_ 0848,0,defect,1269,543.5051,113.2309,1150,97,22
100109202040_Blue_Lane [1]_RackIndex[16]_Date_01_10_2020_ 0944,0,defect,1307,543.554,113.5685,1180,102,25
100109202040_Blue_Lane [2]_RackIndex[1]_Date_01_10_2020_ 1266,0,defect,1360,549.8294,117.3419,1232,108,20
100109202040_Blue_Lane [4]_RackIndex[16]_Date_01_10_2020_ 1008,0,defect,1436,547.3642,115.3412,1302,95,39
100109202040_Blue_Lane [4]_RackIndex[16]_Date_01_10_2020_ 1104,0,defect,1419,547.265,114.9944,1265,105,49
100109202040_Blue_Lane [4]_RackIndex[16]_Date_01_10_2020_ 1200,0,defect,1425,547.1832,114.84,1255,112,58
100109202041_Blue_Lane [1]_RackIndex[6]_Date_01_10_2020_ 1244,0,defect,1121,568.6824,114.5932,1017,80,24
100109202041_Blue_Lane [2]_RackIndex[1]_Date_01_10_2020_ 0658,0,defect,1218,566.5985,117.9655,1102,72,44
100109202041_Blue_Lane [2]_RackIndex[1]_Date_01_10_2020_ 0754,0,defect,1190,566.8218,117.4277,1074,76,40
100109202041_Blue_Lane [2]_RackIndex[1]_Date_01_10_2020_ 0850,0,defect,1216,566.8766,118.6176,1112,38,66
100109202041_Blue_Lane [3]_RackIndex[1]_Date_01_10_2020_ 0946,0,defect,1190,568.5908,117.2353,1073,78,39
100109202041_Blue_Lane [3]_RackIndex[1]_Date_01_10_2020_ 1042,0,defect,1179,568.7515,117.1637,1073,83,23
100109202041_Blue_Lane [3]_RackIndex[1]_Date_01_10_2020_ 1138,0,defect,1191,568.7431,117.3249,1086,81,24
100109202042_Blue_Lane [2]_RackIndex[2]_Date_01_10_2020_ 0660,0,defect,1419,629.9993,115.4299,1246,109,64
100109202042_Blue_Lane [2]_RackIndex[2]_Date_01_10_2020_ 0756,0,defect,1432,629.8645,116.5272,1256,107,69
100109202042_Blue_Lane [2]_RackIndex[2]_Date_01_10_2020_ 0852,0,defect,1428,629.8564,115.7136,1273,93,62
100109202042_Blue_Lane [2]_RackIndex[6]_Date_01_10_2020_ 1276,0,defect,1483,630.5887,114.4727,1310,107,66
100109202042_Blue_Lane [3]_RackIndex[2]_Date_01_10_2020_ 0948,0,defect,1453,631.468,116.6153,1318,98,37
100109202042_Blue_Lane [3]_RackIndex[2]_Date_01_10_2020_ 1044,0,defect,1460,631.3425,117.5541,1331,100,29
100109202042_Blue_Lane [3]_RackIndex[2]_Date_01_10_2020_ 1140,0,defect,1495,631.4147,116.9411,1336,109,50
100109202043_Blue_Lane [2]_RackIndex[3]_Date_01_10_2020_ 0662,0,defect,1076,459.106,106.1524,936,98,42
100109202043_Blue_Lane [2]_RackIndex[3]_Date_01_10_2020_ 0758,0,defect,1095,459.2895,106.8183,975,91,29
100109202043_Blue_Lane [2]_RackIndex[3]_Date_01_10_2020_ 0854,0,defect,1091,459.3914,106.3978,968,96,27
100109202043_Blue_Lane [2]_RackIndex[11]_Date_01_10_2020_ 1286,0,defect,1228,456.7443,110.5831,1075,113,40
100109202043_Blue_Lane [3]_RackIndex[3]_Date_01_10_2020_ 0950,0,defect,1127,461.2919,108.6894,1003,102,22
100109202043_Blue_Lane [3]_RackIndex[3]_Date_01_10_2020_ 1046,0,defect,1129,461.225,108.4845,1003,103,23
100109202043_Blue_Lane [3]_RackIndex[3]_Date_01_10_2020_ 1142,0,defect,1160,461.3457,109.1121,1030,111,19
100109202044_Blue_Lane [2]_RackIndex[4]_Date_01_10_2020_ 0664,0,defect,1000,515.214,113.633,868,100,32
100109202044_Blue_Lane [2]_RackIndex[4]_Date_01_10_2020_ 0760,0,defect,1004,515.2321,113.1882,877,102,25
100109202044_Blue_Lane [2]_RackIndex[4]_Date_01_10_2020_ 0856,0,defect,1005,515.2239,113.4149,864,109,32
100109202044_Blue_Lane [2]_RackIndex[16]_Date_01_10_2020_ 1296,0,defect,965,506.7472,115.2332,861,93,11
100109202044_Blue_Lane [3]_RackIndex[4]_Date_01_10_2020_ 0952,0,defect,970,516.4711,113.9907,834,91,45
100109202044_Blue_Lane [3]_RackIndex[4]_Date_01_10_2020_ 1048,0,defect,958,516.5501,114.0825,816,109,33
100109202044_Blue_Lane [3]_RackIndex[4]_Date_01_10_2020_ 1144,0,defect,953,516.5099,113.7608,806,105,42
100109202045_Blue_Lane [1]_RackIndex[12]_Date_01_10_2020_ 1256,0,defect,1145,482.3188,114.5127,997,101,47
100109202045_Blue_Lane [2]_RackIndex[5]_Date_01_10_2020_ 0666,0,defect,1233,484.635,109.9181,1104,122,7
100109202045_Blue_Lane [2]_RackIndex[5]_Date_01_10_2020_ 0762,0,defect,1215,484.5819,110.1432,1079,121,15
100109202045_Blue_Lane [2]_RackIndex[5]_Date_01_10_2020_ 0858,0,defect,1206,484.791,109.7695,1088,111,7
100109202045_Blue_Lane [3]_RackIndex[5]_Date_01_10_2020_ 0954,0,defect,1118,486.2549,108.5796,1014,93,11
100109202045_Blue_Lane [3]_RackIndex[5]_Date_01_10_2020_ 1050,0,defect,1116,486.2339,109.0421,1028,65,23
100109202045_Blue_Lane [3]_RackIndex[5]_Date_01_10_2020_ 1146,0,defect,1079,486.1122,108.5171,982,89,8
100109202046_Blue_Lane [1]_RackIndex[15]_Date_01_10_2020_ 1262,0,defect,1169,455.1369,112.0086,1024,110,35
100109202046_Blue_Lane [2]_RackIndex[6]_Date_01_10_2020_ 0668,0,defect,1164,460.8445,115.1005,990,115,59
100109202046_Blue_Lane [2]_RackIndex[6]_Date_01_10_2020_ 0764,0,defect,1150,460.593,115.1696,991,83,76
100109202046_Blue_Lane [2]_RackIndex[6]_Date_01_10_2020_ 0860,0,defect,1188,460.8064,114.4335,1023,97,68
100109202046_Blue_Lane [3]_RackIndex[6]_Date_01_10_2020_ 0956,0,defect,1136,462.1673,114.9551,1006,110,20
100109202046_Blue_Lane [3]_RackIndex[6]_Date_01_10_2020_ 1052,0,defect,1158,462.0164,114.3256,1046,85,27
100109202046_Blue_Lane [3]_RackIndex[6]_Date_01_10_2020_ 1148,0,defect,1150,462.0409,114.9722,1052,83,15
100109202047_Blue_Lane [2]_RackIndex[7]_Date_01_10_2020_ 0670,0,defect,1173,577.2958,114.5678,1051,109,13
100109202047_Blue_Lane [2]_RackIndex[7]_Date_01_10_2020_ 0766,0,defect,1154,577.3761,114.7322,1030,112,12
100109202047_Blue_Lane [2]_RackIndex[7]_Date_01_10_2020_ 0862,0,defect,1149,577.4647,114.4204,1048,96,5
100109202047_Blue_Lane [2]_RackIndex[7]_Date_01_10_2020_ 1278,0,defect,1244,576.6559,114.1977,1089,135,20
100109202047_Blue_Lane [3]_RackIndex[7]_Date_01_10_2020_ 0958,0,defect,1150,578.5191,114.7209,1017,95,38
100109202047_Blue_Lane [3]_RackIndex[7]_Date_01_10_2020_ 1054,0,defect,1158,578.4542,114.3333,1022,102,34
100109202047_Blue_Lane [3]_RackIndex[7]_Date_01_10_2020_ 1150,0,defect,1157,578.5004,114.5756,1012,106,39
100109202048_Blue_Lane [1]_RackIndex[10]_Date_01_10_2020_ 1252,0,defect,1049,478.7493,117.8532,847,98,104
100109202048_Blue_Lane [2]_RackIndex[8]_Date_01_10_2020_ 0672,0,defect,1103,479.7715,115.0263,990,40,73
100109202048_Blue_Lane [2]_RackIndex[8]_Date_01_10_2020_ 0768,0,defect,1072,479.7136,115.8703,982,41,49
100109202048_Blue_Lane [2]_RackIndex[8]_Date_01_10_2020_ 0864,0,defect,1104,479.7917,116.0435,958,70,76
100109202048_Blue_Lane [3]_RackIndex[8]_Date_01_10_2020_ 0960,0,defect,1089,481.0321,115.5546,980,55,54
100109202048_Blue_Lane [3]_RackIndex[8]_Date_01_10_2020_ 1056,0,defect,1116,480.8656,115.3378,919,74,123
100109202048_Blue_Lane [3]_RackIndex[8]_Date_01_10_2020_ 1152,0,defect,1080,480.9445,115.3222,931,76,73
100109202049_Blue_Lane [1]_RackIndex[2]_Date_01_10_2020_ 1236,0,defect,800,593.1613,114.7738,645,99,56
100109202049_Blue_Lane [2]_RackIndex[9]_Date_01_10_2020_ 0674,0,defect,826,596.1671,116.6308,736,82,8
100109202049_Blue_Lane [2]_RackIndex[9]_Date_01_10_2020_ 0770,0,defect,812,596.0973,116.2709,717,74,21
100109202049_Blue_Lane [2]_RackIndex[9]_Date_01_10_2020_ 0866,0,defect,825,596.16,116.3673,738,63,24
100109202049_Blue_Lane [3]_RackIndex[9]_Date_01_10_2020_ 1058,0,defect,773,597.1979,115.4567,654,81,38
100109202049_Blue_Lane [3]_RackIndex[9]_Date_01_10_2020_ 1154,0,defect,754,597.382,115.5199,654,82,18
100109202050_Blue_Lane [1]_RackIndex[9]_Date_01_10_2020_ 1250,0,defect,1347,469.2873,114.2086,1209,124,14
100109202050_Blue_Lane [2]_RackIndex[10]_Date_01_10_2020_ 0676,0,defect,1424,466.6559,113.46,1296,100,28
100109202050_Blue_Lane [2]_RackIndex[10]_Date_01_10_2020_ 0772,0,defect,1436,466.7305,114.1901,1290,122,24
100109202050_Blue_Lane [2]_RackIndex[10]_Date_01_10_2020_ 0868,0,defect,1450,467.0234,113.9628,1304,118,28
100109202050_Blue_Lane [3]_RackIndex[10]_Date_01_10_2020_ 0964,0,defect,1380,468.7196,113.6884,1205,127,48
100109202050_Blue_Lane [3]_RackIndex[10]_Date_01_10_2020_ 1060,0,defect,1395,468.6688,113.7011,1215,117,63
100109202050_Blue_Lane [3]_RackIndex[10]_Date_01_10_2020_ 1156,0,defect,1363,468.7755,113.1563,1208,99,56
100109202051_Blue_Lane [1]_RackIndex[16]_Date_01_10_2020_ 1264,0,defect,1213,544.6381,112.0247,1102,77,34
100109202051_Blue_Lane [2]_RackIndex[11]_Date_01_10_2020_ 0678,0,defect,1274,548.1169,111.3744,1147,78,49
100109202051_Blue_Lane [2]_RackIndex[11]_Date_01_10_2020_ 0774,0,defect,1283,548.1465,112.3406,1149,96,38
100109202051_Blue_Lane [2]_RackIndex[11]_Date_01_10_2020_ 0870,0,defect,1271,548.31,112.4587,1154,91,26
100109202051_Blue_Lane [3]_RackIndex[11]_Date_01_10_2020_ 0966,0,defect,1285,549.9448,114.2358,1163,85,37
100109202051_Blue_Lane [3]_RackIndex[11]_Date_01_10_2020_ 1062,0,defect,1324,549.9366,114.4932,1197,49,78
100109202051_Blue_Lane [3]_RackIndex[11]_Date_01_10_2020_ 1158,0,defect,1269,549.8022,113.7281,1145,94,30
100109202052_Blue_Lane [2]_RackIndex[4]_Date_01_10_2020_ 1272,0,defect,1154,566.4368,118.2002,978,87,89
100109202052_Blue_Lane [2]_RackIndex[12]_Date_01_10_2020_ 0680,0,defect,1074,564.1508,114.5624,955,84,35
100109202052_Blue_Lane [2]_RackIndex[12]_Date_01_10_2020_ 0776,0,defect,1066,564.0975,113.7917,928,97,41
100109202052_Blue_Lane [2]_RackIndex[12]_Date_01_10_2020_ 0872,0,defect,1045,564.1091,114.1502,921,83,41
100109202052_Blue_Lane [3]_RackIndex[12]_Date_01_10_2020_ 0968,0,defect,1046,565.3719,114.5105,910,89,47
100109202052_Blue_Lane [3]_RackIndex[12]_Date_01_10_2020_ 1064,0,defect,1057,565.3037,114.122,918,86,53
100109202052_Blue_Lane [3]_RackIndex[12]_Date_01_10_2020_ 1160,0,defect,1044,565.408,113.8956,902,89,53
100109202053_Blue_Lane [1]_RackIndex[3]_Date_01_10_2020_ 1238,0,defect,1073,487.7139,114.3038,904,104,65
100109202053_Blue_Lane [2]_RackIndex[13]_Date_01_10_2020_ 0682,0,defect,1078,485.9295,115.2078,930,112,36
100109202053_Blue_Lane [2]_RackIndex[13]_Date_01_10_2020_ 0778,0,defect,1075,485.8232,115.4326,937,108,30
100109202053_Blue_Lane [2]_RackIndex[13]_Date_01_10_2020_ 0874,0,defect,1059,485.6988,115.7819,944,98,17
100109202053_Blue_Lane [3]_RackIndex[13]_Date_01_10_2020_ 0970,0,defect,1080,486.5444,114.237,980,69,31
100109202053_Blue_Lane [3]_RackIndex[13]_Date_01_10_2020_ 1066,0,defect,1046,486.3948,115.261,951,74,21
100109202053_Blue_Lane [3]_RackIndex[13]_Date_01_10_2020_ 1162,0,defect,1050,486.3943,114.8581,958,72,20
100109202054_Blue_Lane [1]_RackIndex[13]_Date_01_10_2020_ 1258,0,defect,1168,520.9803,114.5916,1028,122,18
100109202054_Blue_Lane [2]_RackIndex[14]_Date_01_10_2020_ 0684,0,defect,1315,518.1331,115.0798,1149,113,53
100109202054_Blue_Lane [2]_RackIndex[14]_Date_01_10_2020_ 0780,0,defect,1266,517.872,116.0134,1113,110,43
100109202054_Blue_Lane [2]_RackIndex[14]_Date_01_10_2020_ 0876,0,defect,1260,518.0579,115.6754,1111,114,35
100109202054_Blue_Lane [3]_RackIndex[14]_Date_01_10_2020_ 0972,0,defect,1249,519.4251,115.3106,1087,116,46
100109202054_Blue_Lane [3]_RackIndex[14]_Date_01_10_2020_ 1068,0,defect,1223,519.3434,115.2821,1051,121,51
100109202054_Blue_Lane [3]_RackIndex[14]_Date_01_10_2020_ 1164,0,defect,1218,519.3555,116.0657,1047,125,46
100109202055_Blue_Lane [2]_RackIndex[5]_Date_01_10_2020_ 1274,0,defect,1094,547.2459,116.372,979,111,4
100109202055_Blue_Lane [2]_RackIndex[15]_Date_01_10_2020_ 0686,0,defect,1098,541.4517,119.0118,976,110,12
100109202055_Blue_Lane [2]_RackIndex[15]_Date_01_10_2020_ 0782,0,defect,1097,541.608,119.0975,979,109,9
100109202055_Blue_Lane [2]_RackIndex[15]_Date_01_10_2020_ 0878,0,defect,1089,541.6014,118.5445,971,97,21
100109202055_Blue_Lane [3]_RackIndex[15]_Date_01_10_2020_ 0974,0,defect,1088,542.6048,118.2546,934,109,45
100109202055_Blue_Lane [3]_RackIndex[15]_Date_01_10_2020_ 1070,0,defect,1083,542.5845,117.6547,927,108,48
100109202055_Blue_Lane [3]_RackIndex[15]_Date_01_10_2020_ 1166,0,defect,1079,542.5338,118.0519,937,102,40
100109202056_Blue_Lane [2]_RackIndex[3]_Date_01_10_2020_ 1270,0,defect,343,464.8921,141.8105,0,0,343
100109202056_Blue_Lane [2]_RackIndex[3]_Date_01_10_2020_ 1270,0,defect,114,460.2281,76.90351,0,0,114
100109202056_Blue_Lane [2]_RackIndex[16]_Date_01_10_2020_ 0688,0,defect,385,457.2831,136.6026,0,0,385
100109202056_Blue_Lane [2]_RackIndex[16]_Date_01_10_2020_ 0784,0,defect,325,457.5169,135.2369,0,0,325
100109202056_Blue_Lane [2]_RackIndex[16]_Date_01_10_2020_ 0880,0,defect,271,457.1845,138.6974,0,0,271
100109202056_Blue_Lane [3]_RackIndex[16]_Date_01_10_2020_ 0976,0,defect,352,458.8068,133.0909,0,0,352
100109202056_Blue_Lane [3]_RackIndex[16]_Date_01_10_2020_ 1072,0,defect,340,458.7706,134.7647,0,0,340
100109202056_Blue_Lane [3]_RackIndex[16]_Date_01_10_2020_ 1168,0,defect,283,458.4523,137.8905,0,0,283
100109202057_Blue_Lane [1]_RackIndex[8]_Date_01_10_2020_ 1248,0,defect,1111,531.8767,116.9334,975,77,59
100109202057_Blue_Lane [3]_RackIndex[1]_Date_01_10_2020_ 0690,0,defect,1259,529.1605,119.7506,1128,114,17
100109202057_Blue_Lane [3]_RackIndex[1]_Date_01_10_2020_ 0786,0,defect,1208,529.3386,119.7376,1086,101,21
100109202057_Blue_Lane [3]_RackIndex[1]_Date_01_10_2020_ 0882,0,defect,1198,529.4766,119.818,1078,104,16
100109202057_Blue_Lane [5]_RackIndex[1]_Date_01_10_2020_ 1010,0,defect,1182,531.7267,120.3748,1064,82,36
100109202057_Blue_Lane [5]_RackIndex[1]_Date_01_10_2020_ 1106,0,defect,1189,531.7982,121.2733,1043,96,50
100109202057_Blue_Lane [5]_RackIndex[1]_Date_01_10_2020_ 1202,0,defect,1164,531.7225,120.6521,1044,82,38
100109202058_Blue_Lane [2]_RackIndex[8]_Date_01_10_2020_ 1280,0,defect,1336,438.5898,114.2784,1213,104,19
100109202058_Blue_Lane [3]_RackIndex[2]_Date_01_10_2020_ 0692,0,defect,1439,436.4065,119.6101,1331,88,20
100109202058_Blue_Lane [3]_RackIndex[2]_Date_01_10_2020_ 0788,0,defect,1435,436.5652,119.4592,1315,89,31
100109202058_Blue_Lane [3]_RackIndex[2]_Date_01_10_2020_ 0884,0,defect,1401,436.4939,120.1527,1282,79,40
100109202058_Blue_Lane [5]_RackIndex[2]_Date_01_10_2020_ 1012,0,defect,1347,438.7825,120.9013,1225,94,28
100109202058_Blue_Lane [5]_RackIndex[2]_Date_01_10_2020_ 1108,0,defect,1350,438.8481,120.4615,1237,93,20
100109202058_Blue_Lane [5]_RackIndex[2]_Date_01_10_2020_ 1204,0,defect,1332,438.765,121.5023,1206,100,26
100109202059_Blue_Lane [1]_RackIndex[7]_Date_01_10_2020_ 1246,0,defect,1109,542.6321,115.7719,930,112,67
100109202059_Blue_Lane [3]_RackIndex[3]_Date_01_10_2020_ 0694,0,defect,1103,540.5712,117.398,948,59,96
100109202059_Blue_Lane [3]_RackIndex[3]_Date_01_10_2020_ 0790,0,defect,1105,540.9719,117.6036,940,101,64
100109202059_Blue_Lane [3]_RackIndex[3]_Date_01_10_2020_ 0886,0,defect,1119,541.1555,116.6988,972,79,68
100109202059_Blue_Lane [5]_RackIndex[3]_Date_01_10_2020_ 1014,0,defect,1137,543.5321,117.4908,1037,48,52
100109202059_Blue_Lane [5]_RackIndex[3]_Date_01_10_2020_ 1110,0,defect,1081,543.6272,115.9241,978,79,24
100109202059_Blue_Lane [5]_RackIndex[3]_Date_01_10_2020_ 1206,0,defect,1119,543.5907,117.2252,1015,82,22
100114202001_Blue_Lane [1]_RackIndex[1]_Date_01_15_2020_ 1330,0,defect,803,571.7547,115.4172,653,99,51
100114202001_Blue_Lane [1]_RackIndex[1]_Date_01_15_2020_ 1362,0,defect,752,572.3245,116.0758,596,91,65
100114202001_Blue_Lane [1]_RackIndex[1]_Date_01_15_2020_ 1394,0,defect,748,572.3636,116.2487,593,93,62
100114202001_Blue_Lane [1]_RackIndex[1]_Date_01_15_2020_ 1426,0,defect,738,572.5922,117.2913,605,95,38
100114202001_Blue_Lane [6]_RackIndex[4]_Date_01_23_2020_ 1624,0,defect,1009,581.1586,113.4361,854,100,55
100114202002_Blue_Lane [1]_RackIndex[2]_Date_01_15_2020_ 1332,0,defect,1287,460.2743,119.0521,1169,100,18
100114202002_Blue_Lane [1]_RackIndex[2]_Date_01_15_2020_ 1364,0,defect,1261,461.0571,119.6463,1101,131,29
100114202002_Blue_Lane [1]_RackIndex[2]_Date_01_15_2020_ 1396,0,defect,1258,461.3291,119.6017,1097,108,53
100114202002_Blue_Lane [1]_RackIndex[2]_Date_01_15_2020_ 1428,0,defect,1253,461.5994,119.4916,1100,107,46
100114202002_Blue_Lane [6]_RackIndex[13]_Date_01_23_2020_ 1642,0,defect,1582,464.4722,115.4716,1409,32,141
100114202003_Blue_Lane [1]_RackIndex[3]_Date_01_15_2020_ 1334,0,defect,603,551.2438,112.8524,449,98,56
100114202003_Blue_Lane [1]_RackIndex[3]_Date_01_15_2020_ 1366,0,defect,569,551.645,114.5554,0,0,569
100114202003_Blue_Lane [1]_RackIndex[3]_Date_01_15_2020_ 1398,0,defect,626,551.8834,114.3594,457,131,38
100114202003_Blue_Lane [1]_RackIndex[3]_Date_01_15_2020_ 1430,0,defect,599,551.8965,115.1937,459,115,25
100114202003_Blue_Lane [6]_RackIndex[16]_Date_01_23_2020_ 1648,0,defect,695,547.1597,117.4331,531,69,95
100114202004_Blue_Lane [1]_RackIndex[4]_Date_01_15_2020_ 1336,0,defect,1185,515.7949,119.5266,1038,119,28
100114202004_Blue_Lane [1]_RackIndex[4]_Date_01_15_2020_ 1368,0,defect,1213,516.2209,120.2325,1078,108,27
100114202004_Blue_Lane [1]_RackIndex[4]_Date_01_15_2020_ 1400,0,defect,1189,516.2952,119.307,1026,131,32
100114202004_Blue_Lane [1]_RackIndex[4]_Date_01_15_2020_ 1432,0,defect,1207,516.4714,119.7846,1064,101,42
100114202004_Blue_Lane [6]_RackIndex[12]_Date_01_23_2020_ 1640,0,defect,1312,517.654,115.0183,1144,81,87
100114202005_Blue_Lane [1]_RackIndex[5]_Date_01_15_2020_ 1338,0,defect,1927,562.8671,117.7452,1841,56,30
100114202005_Blue_Lane [1]_RackIndex[5]_Date_01_15_2020_ 1370,0,defect,1876,563.952,117.0037,1780,55,41
100114202005_Blue_Lane [1]_RackIndex[5]_Date_01_15_2020_ 1402,0,defect,1807,563.8633,117.2186,1701,68,38
100114202005_Blue_Lane [1]_RackIndex[5]_Date_01_15_2020_ 1434,0,defect,1786,563.9183,117.1713,1676,77,33
100114202005_Blue_Lane [6]_RackIndex[10]_Date_01_23_2020_ 1636,0,defect,1875,566.1253,114.0901,1714,60,101
100114202006_Blue_Lane [1]_RackIndex[6]_Date_01_15_2020_ 1340,0,defect,1271,491.2824,114.0441,1145,107,19
100114202006_Blue_Lane [1]_RackIndex[6]_Date_01_15_2020_ 1372,0,defect,1239,491.4294,113.4358,1068,128,43
100114202006_Blue_Lane [1]_RackIndex[6]_Date_01_15_2020_ 1404,0,defect,1291,491.7196,113.4214,1140,96,55
100114202006_Blue_Lane [1]_RackIndex[6]_Date_01_15_2020_ 1436,0,defect,1269,491.8582,113.9582,1143,86,40
100114202006_Blue_Lane [6]_RackIndex[6]_Date_01_23_2020_ 1628,0,defect,1644,497.5511,115.2628,1534,61,49
100114202007_Blue_Lane [1]_RackIndex[7]_Date_01_15_2020_ 1342,0,defect,1029,592.1254,116.8542,849,111,69
100114202007_Blue_Lane [1]_RackIndex[7]_Date_01_15_2020_ 1374,0,defect,929,592.5447,116.9968,809,105,15
100114202007_Blue_Lane [1]_RackIndex[7]_Date_01_15_2020_ 1406,0,defect,1017,592.3284,116.648,826,116,75
100114202007_Blue_Lane [1]_RackIndex[7]_Date_01_15_2020_ 1438,0,defect,1006,592.4255,116.2664,836,106,64
100114202007_Blue_Lane [6]_RackIndex[2]_Date_01_23_2020_ 1620,0,defect,1187,594.4178,116.3749,1051,96,40
100114202008_Blue_Lane [1]_RackIndex[8]_Date_01_15_2020_ 1344,0,defect,968,496.3264,115.0176,832,105,31
100114202008_Blue_Lane [1]_RackIndex[8]_Date_01_15_2020_ 1376,0,defect,930,496.5645,114.5344,824,93,13
100114202008_Blue_Lane [1]_RackIndex[8]_Date_01_15_2020_ 1408,0,defect,935,496.5219,114.3337,814,100,21
100114202008_Blue_Lane [1]_RackIndex[8]_Date_01_15_2020_ 1440,0,defect,938,496.5832,114.2729,817,100,21
100114202009_Blue_Lane [1]_RackIndex[9]_Date_01_15_2020_ 1346,0,defect,1535,576.3336,115.7088,1360,104,71
100114202009_Blue_Lane [1]_RackIndex[9]_Date_01_15_2020_ 1378,0,defect,1434,577.0474,115.196,1304,107,23
100114202009_Blue_Lane [1]_RackIndex[9]_Date_01_15_2020_ 1410,0,defect,1471,577.0877,114.5717,1329,99,43
100114202009_Blue_Lane [1]_RackIndex[9]_Date_01_15_2020_ 1442,0,defect,1509,577.1359,114.9039,1335,104,70
100114202009_Blue_Lane [6]_RackIndex[15]_Date_01_23_2020_ 1646,0,defect,1350,576.4022,113.76,1219,103,28
100114202010_Blue_Lane [6]_RackIndex[11]_Date_01_23_2020_ 1638,0,defect,994,503.2274,115.8803,878,95,21
100114202011_Blue_Lane [1]_RackIndex[11]_Date_01_15_2020_ 1350,0,defect,1184,514.8607,114.5963,1038,104,42
100114202011_Blue_Lane [1]_RackIndex[11]_Date_01_15_2020_ 1382,0,defect,1099,515.5078,115.4786,954,109,36
100114202011_Blue_Lane [1]_RackIndex[11]_Date_01_15_2020_ 1414,0,defect,1158,515.8394,114.7116,993,115,50
100114202011_Blue_Lane [1]_RackIndex[11]_Date_01_15_2020_ 1446,0,defect,1107,516.1075,115.5592,964,105,38
100114202011_Blue_Lane [6]_RackIndex[9]_Date_01_23_2020_ 1634,0,defect,854,519.7635,110.8899,739,100,15
100114202012_Blue_Lane [6]_RackIndex[5]_Date_01_23_2020_ 1626,0,defect,1005,557.4597,109.4796,905,80,20
100114202013_Blue_Lane [1]_RackIndex[13]_Date_01_15_2020_ 1354,0,defect,965,560.3295,113.6756,838,104,23
100114202013_Blue_Lane [1]_RackIndex[13]_Date_01_15_2020_ 1386,0,defect,927,560.4585,113.5372,817,100,10
100114202013_Blue_Lane [1]_RackIndex[13]_Date_01_15_2020_ 1418,0,defect,941,560.5409,114.0733,847,88,6
100114202013_Blue_Lane [1]_RackIndex[13]_Date_01_15_2020_ 1450,0,defect,945,560.5048,113.9048,846,89,10
100114202013_Blue_Lane [6]_RackIndex[1]_Date_01_23_2020_ 1618,0,defect,801,562.2135,120.6891,705,79,17
100114202015_Blue_Lane [2]_RackIndex[8]_Date_01_23_2020_ 1504,0,defect,1020,551.9608,113.8598,851,106,63
100116202051_Blue_Lane [2]_RackIndex[14]_Date_01_23_2020_ 1516,0,defect,1063,491.0809,119.5287,927,106,30
100116202052_Blue_Lane [2]_RackIndex[15]_Date_01_23_2020_ 1518,0,defect,1527,501.6653,113.5737,1321,53,153
100116202053_Blue_Lane [3]_RackIndex[1]_Date_01_23_2020_ 1522,0,defect,1033,555.151,115.4889,852,120,61
100116202054_Blue_Lane [3]_RackIndex[2]_Date_01_23_2020_ 1524,0,defect,1466,458.5525,116.8854,1358,87,21
100116202055_Blue_Lane [2]_RackIndex[7]_Date_01_23_2020_ 1502,0,defect,1072,580.8032,117.9683,945,90,37
100116202056_Blue_Lane [2]_RackIndex[6]_Date_01_23_2020_ 1500,0,defect,994,442.3763,113.7163,858,107,29
100116202057_Blue_Lane [2]_RackIndex[11]_Date_01_23_2020_ 1510,0,defect,1144,611.7028,114.5927,1031,84,29
100116202058_Blue_Lane [2]_RackIndex[13]_Date_01_23_2020_ 1514,0,defect,903,529.3411,116.7619,766,110,27
100116202059_Blue_Lane [2]_RackIndex[16]_Date_01_23_2020_ 1520,0,defect,1278,477.4359,113.7574,1152,99,27
100116202060_Blue_Lane [3]_RackIndex[3]_Date_01_23_2020_ 1526,0,defect,1410,501.6305,114.1397,1308,95,7
100116202061_Blue_Lane [2]_RackIndex[5]_Date_01_23_2020_ 1498,0,defect,1175,603.4443,114.2162,1068,100,7
100116202062_Blue_Lane [2]_RackIndex[4]_Date_01_23_2020_ 1496,0,defect,1019,531.1364,118.5123,879,100,40
100116202063_Blue_Lane [2]_RackIndex[10]_Date_01_23_2020_ 1508,0,defect,1331,558.2915,115.8753,1210,107,14
100116202064_Blue_Lane [2]_RackIndex[12]_Date_01_23_2020_ 1512,0,defect,906,469.6744,112.9382,782,103,21
100116202065_Blue_Lane [3]_RackIndex[5]_Date_01_23_2020_ 1530,0,defect,1053,515.8804,116.6154,896,104,53
100116202066_Blue_Lane [3]_RackIndex[4]_Date_01_23_2020_ 1528,0,defect,1439,535.3412,117.1703,1316,121,2
100116202067_Blue_Lane [2]_RackIndex[3]_Date_01_23_2020_ 1494,0,defect,1300,520.4731,113.9585,1156,113,31
100116202068_Blue_Lane [2]_RackIndex[2]_Date_01_23_2020_ 1492,0,defect,1323,510.6304,116.5374,1179,120,24
100116202069_Blue_Lane [2]_RackIndex[1]_Date_01_23_2020_ 1490,0,defect,1491,559.452,117.1261,1360,89,42
100116202070_Blue_Lane [1]_RackIndex[16]_Date_01_23_2020_ 1488,0,defect,1124,576.7936,115.0276,988,109,27
100117202001_Blue_Lane [4]_RackIndex[6]_Date_01_23_2020_ 1564,0,defect,1394,557.3041,114.3458,1273,100,21
100117202002_Blue_Lane [4]_RackIndex[4]_Date_01_23_2020_ 1560,0,defect,1345,475.8379,120.8268,1188,94,63
100117202003_Blue_Lane [4]_RackIndex[5]_Date_01_23_2020_ 1562,0,defect,1823,508.4087,116.3039,0,0,1823
100117202004_Blue_Lane [4]_RackIndex[8]_Date_01_23_2020_ 1568,0,defect,1344,523.1369,116.7039,1215,98,31
100117202005_Blue_Lane [4]_RackIndex[10]_Date_01_23_2020_ 1572,0,defect,1003,554.6929,119.3988,854,148,1
100117202006_Blue_Lane [4]_RackIndex[11]_Date_01_23_2020_ 1574,0,defect,970,543.1701,115.7505,817,56,97
100117202007_Blue_Lane [4]_RackIndex[7]_Date_01_23_2020_ 1566,0,defect,1374,573.6499,112.8537,1169,36,169
100117202008_Blue_Lane [4]_RackIndex[2]_Date_01_23_2020_ 1556,0,defect,1344,512.0833,118.994,1184,72,88
100117202009_Blue_Lane [4]_RackIndex[3]_Date_01_23_2020_ 1558,0,defect,1631,500.5156,119.035,1509,87,35
100117202010_Blue_Lane [4]_RackIndex[9]_Date_01_23_2020_ 1570,0,defect,910,534.8132,114.0912,773,105,32
100117202011_Blue_Lane [4]_RackIndex[12]_Date_01_23_2020_ 1576,0,defect,1265,523.2048,114.8277,1106,93,66
100117202012_Blue_Lane [4]_RackIndex[13]_Date_01_23_2020_ 1578,0,defect,1487,542.0249,114.2165,1352,88,47
100117202015_Blue_Lane [3]_RackIndex[15]_Date_01_23_2020_ 1550,0,defect,780,453.6859,117.1833,531,119,130
100117202016_Blue_Lane [3]_RackIndex[14]_Date_01_23_2020_ 1548,0,defect,1257,552.105,118.1519,1106,117,34
100117202017_Blue_Lane [4]_RackIndex[1]_Date_01_23_2020_ 1554,0,defect,1063,535.8316,117.4817,904,112,47
100117202018_Blue_Lane [3]_RackIndex[16]_Date_01_23_2020_ 1552,0,defect,1529,500.9124,117.601,1421,95,13
100117202019_Blue_Lane [3]_RackIndex[7]_Date_01_23_2020_ 1534,0,defect,1067,521.6251,112.7226,943,100,24
100117202020_Blue_Lane [3]_RackIndex[6]_Date_01_23_2020_ 1532,0,defect,988,545.9443,118.0142,838,116,34
100117202021_Blue_Lane [3]_RackIndex[9]_Date_01_23_2020_ 1538,0,defect,1343,471.5428,115.5168,1226,76,41
100117202022_Blue_Lane [3]_RackIndex[8]_Date_01_23_2020_ 1536,0,defect,1004,571.1893,115.4303,838,107,59
100117202023_Blue_Lane [3]_RackIndex[11]_Date_01_23_2020_ 1542,0,defect,1256,446.4236,115.1346,1135,97,24
100122202002_Blue_Lane [1]_RackIndex[13]_Date_01_23_2020_ 1482,0,defect,708,523.9873,111.1398,521,134,53
100122202003_Blue_Lane [1]_RackIndex[14]_Date_01_23_2020_ 1484,0,defect,697,564.2353,111.4046,0,0,697
100122202005_Blue_Lane [1]_RackIndex[8]_Date_01_23_2020_ 1472,0,defect,1026,622.1111,116.1813,841,103,82
100122202006_Blue_Lane [1]_RackIndex[11]_Date_01_23_2020_ 1478,0,defect,2377,462.8927,111.6323,1328,46,1003
100122202007_Blue_Lane [1]_RackIndex[12]_Date_01_23_2020_ 1480,0,defect,1330,529.1233,115.8278,1188,125,17
100122202008_Blue_Lane [1]_RackIndex[9]_Date_01_23_2020_ 1474,0,defect,933,603.9582,117.0514,719,94,120
100122202009_Blue_Lane [1]_RackIndex[10]_Date_01_23_2020_ 1476,0,defect,1009,484.5639,115.7879,897,88,24
100122202010_Blue_Lane [1]_RackIndex[5]_Date_01_23_2020_ 1466,0,defect,845,474.8769,118.8935,714,98,33
100122202011_Blue_Lane [1]_RackIndex[1]_Date_01_23_2020_ 1458,0,defect,1183,480.2358,115.2654,1043,104,36
100122202012_Blue_Lane [1]_RackIndex[2]_Date_01_23_2020_ 1460,0,defect,662,535.3203,112.2085,405,57,200
100122202013_Blue_Lane [1]_RackIndex[3]_Date_01_23_2020_ 1462,0,defect,1162,447.494,119.7048,878,105,179
100122202014_Blue_Lane [1]_RackIndex[4]_Date_01_23_2020_ 1464,0,defect,989,458.9353,117.7503,836,98,55
100122202015_Blue_Lane [1]_RackIndex[6]_Date_01_23_2020_ 1468,0,defect,1274,555.314,116.7433,1140,114,20
100123202035_Blue_Lane [2]_RackIndex[8]_Date_02_03_2020_ 0566,0,defect,1095,518.526,117.8457,914,117,64
100123202036_Blue_Lane [2]_RackIndex[7]_Date_02_03_2020_ 0564,0,defect,1641,524.8732,117.9019,1515,99,27
100123202037_Blue_Lane [2]_RackIndex[6]_Date_02_03_2020_ 0562,0,defect,1178,526.8582,116.3523,1056,102,20
100123202038_Blue_Lane [2]_RackIndex[5]_Date_02_03_2020_ 0560,0,defect,1190,551.3437,115.5092,1014,115,61
100123202039_Blue_Lane [2]_RackIndex[4]_Date_02_03_2020_ 0558,0,defect,767,537.1995,117.0847,594,116,57
100123202040_Blue_Lane [2]_RackIndex[3]_Date_02_03_2020_ 0556,0,defect,938,577.1898,116.9009,476,58,404
100123202041_Blue_Lane [2]_RackIndex[2]_Date_02_03_2020_ 0554,0,defect,1431,523.928,117.8365,1264,89,78
100123202042_Blue_Lane [2]_RackIndex[1]_Date_02_03_2020_ 0552,0,defect,1483,525.9521,116.2583,1349,90,44
100123202043_Blue_Lane [1]_RackIndex[16]_Date_02_03_2020_ 0550,0,defect,1097,482.9991,116.3774,931,123,43
100123202044_Blue_Lane [1]_RackIndex[15]_Date_02_03_2020_ 0548,0,defect,1112,454.6322,115.6034,867,93,152
100123202045_Blue_Lane [1]_RackIndex[14]_Date_02_03_2020_ 0546,0,defect,1151,412.1607,123.225,903,94,154
100123202046_Blue_Lane [1]_RackIndex[13]_Date_02_03_2020_ 0544,0,defect,1408,589.6967,114.0078,1251,61,96
100123202047_Blue_Lane [1]_RackIndex[12]_Date_02_03_2020_ 0542,0,defect,912,531.2884,115.727,689,136,87
100123202048_Blue_Lane [1]_RackIndex[11]_Date_02_03_2020_ 0540,0,defect,1332,525.2778,118.9977,1201,81,50
100123202049_Blue_Lane [1]_RackIndex[10]_Date_02_03_2020_ 0538,0,defect,1022,462.775,116.0284,897,103,22
100123202050_Blue_Lane [1]_RackIndex[9]_Date_02_03_2020_ 0536,0,defect,1181,464.8146,115.9331,1065,88,28
100123202051_Blue_Lane [1]_RackIndex[8]_Date_02_03_2020_ 0534,0,defect,866,498.0173,118.0774,736,109,21
100123202052_Blue_Lane [1]_RackIndex[7]_Date_02_03_2020_ 0532,0,defect,1516,427.4327,115.0231,1383,89,44
100123202053_Blue_Lane [1]_RackIndex[6]_Date_02_03_2020_ 0530,0,defect,948,432.2489,114.1466,812,92,44
100123202054_Blue_Lane [1]_RackIndex[5]_Date_02_03_2020_ 0528,0,defect,1418,476.1291,119.0346,1253,88,77
100123202055_Blue_Lane [1]_RackIndex[4]_Date_02_03_2020_ 0526,0,defect,670,427.7657,118.6493,548,98,24
100123202056_Blue_Lane [1]_RackIndex[3]_Date_02_03_2020_ 0524,0,defect,1149,451.3316,116.1958,984,88,77
100123202057_Blue_Lane [1]_RackIndex[2]_Date_02_03_2020_ 0522,0,defect,1108,502.8348,117.5334,0,0,1108
100123202058_Blue_Lane [1]_RackIndex[1]_Date_02_03_2020_ 0520,0,defect,1385,471.3531,116.4303,1300,72,13
100128202001_Blue_Lane [2]_RackIndex[9]_Date_02_03_2020_ 0568,0,defect,1598,475.3786,115.2297,545,2,1051
100128202002_Blue_Lane [2]_RackIndex[10]_Date_02_03_2020_ 0570,0,defect,1371,486.2582,119.0336,1259,83,29
100128202003_Blue_Lane [2]_RackIndex[11]_Date_02_03_2020_ 0572,0,defect,1126,505.5329,112.2655,1005,96,25
100128202004_Blue_Lane [2]_RackIndex[12]_Date_02_03_2020_ 0574,0,defect,3071,428.9515,115.7968,840,2,2229
100128202005_Blue_Lane [2]_RackIndex[13]_Date_02_03_2020_ 0576,0,defect,707,463.5149,111.9109,580,95,32
100128202006_Blue_Lane [2]_RackIndex[14]_Date_02_03_2020_ 0578,0,defect,1181,342.3531,114.2091,1041,117,23
100128202007_Blue_Lane [2]_RackIndex[15]_Date_02_03_2020_ 0580,0,defect,1117,440.9517,115.0967,975,110,32
100128202008_Blue_Lane [2]_RackIndex[16]_Date_02_03_2020_ 0582,0,defect,707,555.1909,118.0735,612,72,23
100128202009_Blue_Lane [3]_RackIndex[1]_Date_02_03_2020_ 0584,0,defect,1299,449.7213,112.535,1187,80,32
100128202010_Blue_Lane [3]_RackIndex[2]_Date_02_03_2020_ 0586,0,defect,1152,487.6779,115.9592,1028,105,19
100128202011_Blue_Lane [3]_RackIndex[3]_Date_02_03_2020_ 0588,0,defect,1077,449.2776,113.3538,932,109,36
100128202012_Blue_Lane [3]_RackIndex[4]_Date_02_03_2020_ 0590,0,defect,1486,492.9186,117.0013,1353,84,49
100128202013_Blue_Lane [3]_RackIndex[5]_Date_02_03_2020_ 0592,0,defect,853,403.6378,121.3611,696,103,54
100128202014_Blue_Lane [3]_RackIndex[6]_Date_02_03_2020_ 0594,0,defect,1506,578.5637,113.7749,1334,101,71
100128202015_Blue_Lane [3]_RackIndex[7]_Date_02_03_2020_ 0596,0,defect,1685,458.0451,113.7798,1582,99,4
100128202016_Blue_Lane [3]_RackIndex[8]_Date_02_03_2020_ 0598,0,defect,1315,459.2616,115.4874,1196,101,18
100128202017_Blue_Lane [3]_RackIndex[9]_Date_02_03_2020_ 0600,0,defect,1232,455.1623,114.9619,1090,104,38
100128202018_Blue_Lane [3]_RackIndex[10]_Date_02_03_2020_ 0602,0,defect,404,520.6534,140.7525,234,124,46
100128202019_Blue_Lane [3]_RackIndex[11]_Date_02_03_2020_ 0604,0,defect,674,442.5208,114.1988,551,79,44
100128202020_Blue_Lane [3]_RackIndex[12]_Date_02_03_2020_ 0606,0,defect,582,517.0859,116.0137,0,0,582
